loan_id,customer_id,application_date,loan_type,loan_amount,annual_income,credit_score,employment_type,tenure_months,interest_rate,application_status
L001,C001,2025-01-05,Home,4500000,1800000,785,Salaried,240,8.2,Approved
L002,C002,2025-01-08,Personal,350000,900000,720,Salaried,48,11.5,Approved
L003,C003,2025-01-15,Auto,900000,1200000,690,Self-Employed,60,10.2,Approved
L004,C004,2025-01-20,Home,6200000,2400000,810,Salaried,240,7.9,Approved
L005,C005,2025-02-02,Personal,500000,700000,650,Salaried,36,13.1,Rejected
L006,C006,2025-02-10,Education,800000,1100000,745,Salaried,84,9.4,Approved
L007,C007,2025-02-15,Auto,1250000,1500000,760,Salaried,72,9.1,Approved
L008,C008,2025-02-22,Personal,250000,600000,610,Self-Employed,24,14.5,Rejected
L009,C009,2025-03-03,Home,3800000,1700000,775,Salaried,180,8.4,Approved
L010,C010,2025-03-11,Business,7000000,3200000,735,Self-Employed,120,10.8,Approved
L011,C001,2025-03-18,Personal,400000,1800000,785,Salaried,36,10.9,Approved
L012,C002,2025-03-24,Auto,850000,900000,720,Salaried,60,10.7,Approved
L013,C003,2025-04-04,Business,3000000,1200000,690,Self-Employed,84,12.4,Rejected
L014,C004,2025-04-09,Home,5500000,2400000,810,Salaried,240,7.8,Approved
L015,C005,2025-04-17,Personal,300000,700000,650,Salaried,36,13.5,Rejected
L016,C006,2025-05-01,Education,650000,1100000,745,Salaried,60,9.2,Approved
L017,C007,2025-05-09,Auto,1400000,1500000,760,Salaried,72,8.9,Approved
L018,C008,2025-05-14,Personal,200000,600000,610,Self-Employed,24,14.8,Rejected
L019,C009,2025-06-03,Home,4200000,1700000,775,Salaried,180,8.1,Approved
L020,C010,2025-06-12,Business,6500000,3200000,735,Self-Employed,120,10.5,Approved
L021,C001,2025-07-05,Home,4800000,1800000,785,Salaried,240,8.0,Approved
L022,C002,2025-07-11,Personal,375000,900000,720,Salaried,48,11.2,Approved
L023,C003,2025-07-20,Auto,950000,1200000,690,Self-Employed,60,10.6,Approved
L024,C004,2025-08-02,Home,6000000,2400000,810,Salaried,240,7.7,Approved
L025,C005,2025-08-13,Personal,525000,700000,650,Salaried,36,13.3,Rejected
L026,C006,2025-08-21,Education,825000,1100000,745,Salaried,84,9.3,Approved
L027,C007,2025-09-04,Auto,1350000,1500000,760,Salaried,72,9.0,Approved
L028,C008,2025-09-12,Personal,225000,600000,610,Self-Employed,24,14.6,Rejected
L029,C009,2025-09-23,Home,3900000,1700000,775,Salaried,180,8.3,Approved
L030,C010,2025-10-02,Business,7200000,3200000,735,Self-Employed,120,10.7,Approved
